"StartTime","EndTime","LowFreq","HighFreq","StartFile","EndFile","label","Type","SignalCode"
"26.9193776520005","30.7807637909991",37.6,48.1,"AU-BSPM02_a-120809-122000.wav","AU-BSPM02_a-120809-122000.wav","y","i_neg","LM"
"256.625176803","299.355021216001",28.5,54.5,"AU-BSPM02_a-120809-132000.wav","AU-BSPM02_a-120809-132000.wav","y","i_neg","LM"
"112.769448372999","136.234794907999",27.1,38.7,"AU-BSPM02_a-120809-133000.wav","AU-BSPM02_a-120809-133000.wav","y","i_neg","LM"
"337.001414427001","353.847241867001",25,40,"AU-BSPM02_a-120809-133000.wav","AU-BSPM02_a-120809-133000.wav","y","i_neg","LM"
"306.220650636","338.851485149",27.7,43.1,"AU-BSPM02_a-120809-140000.wav","AU-BSPM02_a-120809-140000.wav","y","i_neg","LM"
"441.097595474001","471.564356436",26.4,47.2,"AU-BSPM02_a-120809-140000.wav","AU-BSPM02_a-120809-140000.wav","y","i_neg","LM"
"31.2644978780008","40.8543140029997",27.7,41.5,"AU-BSPM02_a-120809-142000.wav","AU-BSPM02_a-120809-142000.wav","y","i_neg","LM"
"75.0721357850016","92.1725601129983",26.7,45,"AU-BSPM02_a-120809-151000.wav","AU-BSPM02_a-120809-151000.wav","y","i_neg","LM"
