"StartTime","EndTime","LowFreq","HighFreq","StartFile","EndFile","label","Type","SignalCode"
76.6328125,88.9375,25,55,"AU-BSPM02_a-130516-132000.wav","AU-BSPM02_a-130516-132000.wav","y","DET","LM"
468.7421875,472.84375,25,55,"AU-BSPM02_a-130516-132000.wav","AU-BSPM02_a-130516-132000.wav","y","DET","LM"
484.875,491.1640625,25,55,"AU-BSPM02_a-130516-132000.wav","AU-BSPM02_a-130516-132000.wav","y","DET","LM"
495.5390625,500.4609375,25,55,"AU-BSPM02_a-130516-132000.wav","AU-BSPM02_a-130516-132000.wav","y","DET","LM"
515.2265625,525.6171875,25,55,"AU-BSPM02_a-130516-132000.wav","AU-BSPM02_a-130516-132000.wav","y","DET","LM"
