"StartTime","EndTime","LowFreq","HighFreq","StartFile","EndFile","label","Type","SignalCode"
"383.43288","384.77022",732.3,1984.8,"AU-AWKZ01-121116-170000.wav","AU-AWKZ01-121116-170000.wav","y","i_neg","RB"
"389.67066","391.46706",500,3010.1,"AU-AWKZ01-121117-030000.wav","AU-AWKZ01-121117-030000.wav","y","i_neg","RB"
"398.13373","399.47106",671.7,2040.4,"AU-AWKZ01-121117-030000.wav","AU-AWKZ01-121117-030000.wav","y","i_neg","RB"
"405.40918","407.60478",500,3065.7,"AU-AWKZ01-121117-030000.wav","AU-AWKZ01-121117-030000.wav","y","i_neg","RB"
"466.94611","469.04192",181.8,2989.9,"AU-AWKZ01-121117-030000.wav","AU-AWKZ01-121117-030000.wav","y","i_neg","RB"
"448.299019","450.067311",100,1357.1,"AU-AWKZ01-121117-030000.wav","AU-AWKZ01-121117-030000.wav","y","i_neg","RB"
"442.872189","445.311214",171.4,1714.3,"AU-AWKZ01-121117-030000.wav","AU-AWKZ01-121117-030000.wav","y","i_neg","RB"
"402.970495","404.98269",371.4,1400,"AU-AWKZ01-121117-030000.wav","AU-AWKZ01-121117-030000.wav","y","i_neg","RB"
"407.635343","409.76949",557.1,1714.3,"AU-AWKZ01-121117-030000.wav","AU-AWKZ01-121117-030000.wav","y","i_neg","RB"
